,times,messages
0,8.334211826324463,start
1,34.92532658576965,stop
