,times,messages
0,2.4830312728881836,mark1
1,3.46716570854187,m2m2m3
2,4.0631492137908936,af
3,4.583120107650757,13e
